--
-- PostgreSQL database dump
--

\restrict C7iSNnexeXTcihMYBfJY0jcQJCM7SJokvEaArRT94NL3gqHEzq8FbqOojMZsZxO

-- Dumped from database version 18.0
-- Dumped by pg_dump version 18.0

SET statement_timeout = 0;
SET lock_timeout = 0;
SET idle_in_transaction_session_timeout = 0;
SET transaction_timeout = 0;
SET client_encoding = 'UTF8';
SET standard_conforming_strings = on;
SELECT pg_catalog.set_config('search_path', '', false);
SET check_function_bodies = false;
SET xmloption = content;
SET client_min_messages = warning;
SET row_security = off;

SET default_tablespace = '';

SET default_table_access_method = heap;

--
-- Name: ai_service_aireportsummary; Type: TABLE; Schema: public; Owner: jek
--

CREATE TABLE public.ai_service_aireportsummary (
    id bigint NOT NULL,
    summary_text text NOT NULL,
    created_at timestamp with time zone NOT NULL,
    generated_by_id bigint,
    report_id bigint NOT NULL
);


ALTER TABLE public.ai_service_aireportsummary OWNER TO jek;

--
-- Name: ai_service_aireportsummary_id_seq; Type: SEQUENCE; Schema: public; Owner: jek
--

ALTER TABLE public.ai_service_aireportsummary ALTER COLUMN id ADD GENERATED BY DEFAULT AS IDENTITY (
    SEQUENCE NAME public.ai_service_aireportsummary_id_seq
    START WITH 1
    INCREMENT BY 1
    NO MINVALUE
    NO MAXVALUE
    CACHE 1
);


--
-- Name: auth_group; Type: TABLE; Schema: public; Owner: jek
--

CREATE TABLE public.auth_group (
    id integer NOT NULL,
    name character varying(150) NOT NULL
);


ALTER TABLE public.auth_group OWNER TO jek;

--
-- Name: auth_group_id_seq; Type: SEQUENCE; Schema: public; Owner: jek
--

ALTER TABLE public.auth_group ALTER COLUMN id ADD GENERATED BY DEFAULT AS IDENTITY (
    SEQUENCE NAME public.auth_group_id_seq
    START WITH 1
    INCREMENT BY 1
    NO MINVALUE
    NO MAXVALUE
    CACHE 1
);


--
-- Name: auth_group_permissions; Type: TABLE; Schema: public; Owner: jek
--

CREATE TABLE public.auth_group_permissions (
    id bigint NOT NULL,
    group_id integer NOT NULL,
    permission_id integer NOT NULL
);


ALTER TABLE public.auth_group_permissions OWNER TO jek;

--
-- Name: auth_group_permissions_id_seq; Type: SEQUENCE; Schema: public; Owner: jek
--

ALTER TABLE public.auth_group_permissions ALTER COLUMN id ADD GENERATED BY DEFAULT AS IDENTITY (
    SEQUENCE NAME public.auth_group_permissions_id_seq
    START WITH 1
    INCREMENT BY 1
    NO MINVALUE
    NO MAXVALUE
    CACHE 1
);


--
-- Name: auth_permission; Type: TABLE; Schema: public; Owner: jek
--

CREATE TABLE public.auth_permission (
    id integer NOT NULL,
    name character varying(255) NOT NULL,
    content_type_id integer NOT NULL,
    codename character varying(100) NOT NULL
);


ALTER TABLE public.auth_permission OWNER TO jek;

--
-- Name: auth_permission_id_seq; Type: SEQUENCE; Schema: public; Owner: jek
--

ALTER TABLE public.auth_permission ALTER COLUMN id ADD GENERATED BY DEFAULT AS IDENTITY (
    SEQUENCE NAME public.auth_permission_id_seq
    START WITH 1
    INCREMENT BY 1
    NO MINVALUE
    NO MAXVALUE
    CACHE 1
);


--
-- Name: django_admin_log; Type: TABLE; Schema: public; Owner: jek
--

CREATE TABLE public.django_admin_log (
    id integer NOT NULL,
    action_time timestamp with time zone NOT NULL,
    object_id text,
    object_repr character varying(200) NOT NULL,
    action_flag smallint NOT NULL,
    change_message text NOT NULL,
    content_type_id integer,
    user_id bigint NOT NULL,
    CONSTRAINT django_admin_log_action_flag_check CHECK ((action_flag >= 0))
);


ALTER TABLE public.django_admin_log OWNER TO jek;

--
-- Name: django_admin_log_id_seq; Type: SEQUENCE; Schema: public; Owner: jek
--

ALTER TABLE public.django_admin_log ALTER COLUMN id ADD GENERATED BY DEFAULT AS IDENTITY (
    SEQUENCE NAME public.django_admin_log_id_seq
    START WITH 1
    INCREMENT BY 1
    NO MINVALUE
    NO MAXVALUE
    CACHE 1
);


--
-- Name: django_content_type; Type: TABLE; Schema: public; Owner: jek
--

CREATE TABLE public.django_content_type (
    id integer NOT NULL,
    app_label character varying(100) NOT NULL,
    model character varying(100) NOT NULL
);


ALTER TABLE public.django_content_type OWNER TO jek;

--
-- Name: django_content_type_id_seq; Type: SEQUENCE; Schema: public; Owner: jek
--

ALTER TABLE public.django_content_type ALTER COLUMN id ADD GENERATED BY DEFAULT AS IDENTITY (
    SEQUENCE NAME public.django_content_type_id_seq
    START WITH 1
    INCREMENT BY 1
    NO MINVALUE
    NO MAXVALUE
    CACHE 1
);


--
-- Name: django_migrations; Type: TABLE; Schema: public; Owner: jek
--

CREATE TABLE public.django_migrations (
    id bigint NOT NULL,
    app character varying(255) NOT NULL,
    name character varying(255) NOT NULL,
    applied timestamp with time zone NOT NULL
);


ALTER TABLE public.django_migrations OWNER TO jek;

--
-- Name: django_migrations_id_seq; Type: SEQUENCE; Schema: public; Owner: jek
--

ALTER TABLE public.django_migrations ALTER COLUMN id ADD GENERATED BY DEFAULT AS IDENTITY (
    SEQUENCE NAME public.django_migrations_id_seq
    START WITH 1
    INCREMENT BY 1
    NO MINVALUE
    NO MAXVALUE
    CACHE 1
);


--
-- Name: django_session; Type: TABLE; Schema: public; Owner: jek
--

CREATE TABLE public.django_session (
    session_key character varying(40) NOT NULL,
    session_data text NOT NULL,
    expire_date timestamp with time zone NOT NULL
);


ALTER TABLE public.django_session OWNER TO jek;

--
-- Name: gso_accounts_department; Type: TABLE; Schema: public; Owner: jek
--

CREATE TABLE public.gso_accounts_department (
    id bigint NOT NULL,
    name character varying(255) NOT NULL
);


ALTER TABLE public.gso_accounts_department OWNER TO jek;

--
-- Name: gso_accounts_department_id_seq; Type: SEQUENCE; Schema: public; Owner: jek
--

ALTER TABLE public.gso_accounts_department ALTER COLUMN id ADD GENERATED BY DEFAULT AS IDENTITY (
    SEQUENCE NAME public.gso_accounts_department_id_seq
    START WITH 1
    INCREMENT BY 1
    NO MINVALUE
    NO MAXVALUE
    CACHE 1
);


--
-- Name: gso_accounts_unit; Type: TABLE; Schema: public; Owner: jek
--

CREATE TABLE public.gso_accounts_unit (
    id bigint NOT NULL,
    name character varying(100) NOT NULL,
    unit_head_id bigint
);


ALTER TABLE public.gso_accounts_unit OWNER TO jek;

--
-- Name: gso_accounts_unit_id_seq; Type: SEQUENCE; Schema: public; Owner: jek
--

ALTER TABLE public.gso_accounts_unit ALTER COLUMN id ADD GENERATED BY DEFAULT AS IDENTITY (
    SEQUENCE NAME public.gso_accounts_unit_id_seq
    START WITH 1
    INCREMENT BY 1
    NO MINVALUE
    NO MAXVALUE
    CACHE 1
);


--
-- Name: gso_accounts_user; Type: TABLE; Schema: public; Owner: jek
--

CREATE TABLE public.gso_accounts_user (
    id bigint NOT NULL,
    password character varying(128) NOT NULL,
    last_login timestamp with time zone,
    is_superuser boolean NOT NULL,
    username character varying(150) NOT NULL,
    first_name character varying(150) NOT NULL,
    last_name character varying(150) NOT NULL,
    email character varying(254) NOT NULL,
    is_staff boolean NOT NULL,
    is_active boolean NOT NULL,
    date_joined timestamp with time zone NOT NULL,
    account_status character varying(10) NOT NULL,
    role character varying(20) NOT NULL,
    department_id bigint,
    unit_id bigint
);


ALTER TABLE public.gso_accounts_user OWNER TO jek;

--
-- Name: gso_accounts_user_groups; Type: TABLE; Schema: public; Owner: jek
--

CREATE TABLE public.gso_accounts_user_groups (
    id bigint NOT NULL,
    user_id bigint NOT NULL,
    group_id integer NOT NULL
);


ALTER TABLE public.gso_accounts_user_groups OWNER TO jek;

--
-- Name: gso_accounts_user_groups_id_seq; Type: SEQUENCE; Schema: public; Owner: jek
--

ALTER TABLE public.gso_accounts_user_groups ALTER COLUMN id ADD GENERATED BY DEFAULT AS IDENTITY (
    SEQUENCE NAME public.gso_accounts_user_groups_id_seq
    START WITH 1
    INCREMENT BY 1
    NO MINVALUE
    NO MAXVALUE
    CACHE 1
);


--
-- Name: gso_accounts_user_id_seq; Type: SEQUENCE; Schema: public; Owner: jek
--

ALTER TABLE public.gso_accounts_user ALTER COLUMN id ADD GENERATED BY DEFAULT AS IDENTITY (
    SEQUENCE NAME public.gso_accounts_user_id_seq
    START WITH 1
    INCREMENT BY 1
    NO MINVALUE
    NO MAXVALUE
    CACHE 1
);


--
-- Name: gso_accounts_user_user_permissions; Type: TABLE; Schema: public; Owner: jek
--

CREATE TABLE public.gso_accounts_user_user_permissions (
    id bigint NOT NULL,
    user_id bigint NOT NULL,
    permission_id integer NOT NULL
);


ALTER TABLE public.gso_accounts_user_user_permissions OWNER TO jek;

--
-- Name: gso_accounts_user_user_permissions_id_seq; Type: SEQUENCE; Schema: public; Owner: jek
--

ALTER TABLE public.gso_accounts_user_user_permissions ALTER COLUMN id ADD GENERATED BY DEFAULT AS IDENTITY (
    SEQUENCE NAME public.gso_accounts_user_user_permissions_id_seq
    START WITH 1
    INCREMENT BY 1
    NO MINVALUE
    NO MAXVALUE
    CACHE 1
);


--
-- Name: gso_inventory_inventoryitem; Type: TABLE; Schema: public; Owner: jek
--

CREATE TABLE public.gso_inventory_inventoryitem (
    id bigint NOT NULL,
    name character varying(255) NOT NULL,
    description text,
    quantity integer NOT NULL,
    unit_of_measurement character varying(50) NOT NULL,
    category character varying(100),
    created_at timestamp with time zone NOT NULL,
    updated_at timestamp with time zone NOT NULL,
    is_active boolean NOT NULL,
    owned_by_id bigint,
    CONSTRAINT gso_inventory_inventoryitem_quantity_check CHECK ((quantity >= 0))
);


ALTER TABLE public.gso_inventory_inventoryitem OWNER TO jek;

--
-- Name: gso_inventory_inventoryitem_id_seq; Type: SEQUENCE; Schema: public; Owner: jek
--

ALTER TABLE public.gso_inventory_inventoryitem ALTER COLUMN id ADD GENERATED BY DEFAULT AS IDENTITY (
    SEQUENCE NAME public.gso_inventory_inventoryitem_id_seq
    START WITH 1
    INCREMENT BY 1
    NO MINVALUE
    NO MAXVALUE
    CACHE 1
);


--
-- Name: gso_migration_migrationupload; Type: TABLE; Schema: public; Owner: jek
--

CREATE TABLE public.gso_migration_migrationupload (
    id bigint NOT NULL,
    file character varying(100) NOT NULL,
    migration_type character varying(50) NOT NULL,
    uploaded_at timestamp with time zone NOT NULL,
    processed boolean NOT NULL,
    result_message text NOT NULL,
    uploaded_by_id bigint,
    target_unit_id bigint
);


ALTER TABLE public.gso_migration_migrationupload OWNER TO jek;

--
-- Name: gso_migration_migrationupload_id_seq; Type: SEQUENCE; Schema: public; Owner: jek
--

ALTER TABLE public.gso_migration_migrationupload ALTER COLUMN id ADD GENERATED BY DEFAULT AS IDENTITY (
    SEQUENCE NAME public.gso_migration_migrationupload_id_seq
    START WITH 1
    INCREMENT BY 1
    NO MINVALUE
    NO MAXVALUE
    CACHE 1
);


--
-- Name: gso_reports_ipmt; Type: TABLE; Schema: public; Owner: jek
--

CREATE TABLE public.gso_reports_ipmt (
    id bigint NOT NULL,
    month character varying(20) NOT NULL,
    accomplishment text,
    remarks text,
    created_at timestamp with time zone NOT NULL,
    updated_at timestamp with time zone NOT NULL,
    personnel_id bigint NOT NULL,
    unit_id bigint NOT NULL,
    indicator_id bigint NOT NULL
);


ALTER TABLE public.gso_reports_ipmt OWNER TO jek;

--
-- Name: gso_reports_ipmt_id_seq; Type: SEQUENCE; Schema: public; Owner: jek
--

ALTER TABLE public.gso_reports_ipmt ALTER COLUMN id ADD GENERATED BY DEFAULT AS IDENTITY (
    SEQUENCE NAME public.gso_reports_ipmt_id_seq
    START WITH 1
    INCREMENT BY 1
    NO MINVALUE
    NO MAXVALUE
    CACHE 1
);


--
-- Name: gso_reports_ipmt_reports; Type: TABLE; Schema: public; Owner: jek
--

CREATE TABLE public.gso_reports_ipmt_reports (
    id bigint NOT NULL,
    ipmt_id bigint NOT NULL,
    workaccomplishmentreport_id bigint NOT NULL
);


ALTER TABLE public.gso_reports_ipmt_reports OWNER TO jek;

--
-- Name: gso_reports_ipmt_reports_id_seq; Type: SEQUENCE; Schema: public; Owner: jek
--

ALTER TABLE public.gso_reports_ipmt_reports ALTER COLUMN id ADD GENERATED BY DEFAULT AS IDENTITY (
    SEQUENCE NAME public.gso_reports_ipmt_reports_id_seq
    START WITH 1
    INCREMENT BY 1
    NO MINVALUE
    NO MAXVALUE
    CACHE 1
);


--
-- Name: gso_reports_successindicator; Type: TABLE; Schema: public; Owner: jek
--

CREATE TABLE public.gso_reports_successindicator (
    id bigint NOT NULL,
    code character varying(20) NOT NULL,
    description text NOT NULL,
    is_active boolean NOT NULL,
    unit_id bigint NOT NULL
);


ALTER TABLE public.gso_reports_successindicator OWNER TO jek;

--
-- Name: gso_reports_successindicator_id_seq; Type: SEQUENCE; Schema: public; Owner: jek
--

ALTER TABLE public.gso_reports_successindicator ALTER COLUMN id ADD GENERATED BY DEFAULT AS IDENTITY (
    SEQUENCE NAME public.gso_reports_successindicator_id_seq
    START WITH 1
    INCREMENT BY 1
    NO MINVALUE
    NO MAXVALUE
    CACHE 1
);


--
-- Name: gso_reports_workaccomplishmentreport; Type: TABLE; Schema: public; Owner: jek
--

CREATE TABLE public.gso_reports_workaccomplishmentreport (
    id bigint NOT NULL,
    date_started date NOT NULL,
    date_completed date,
    activity_name character varying(255),
    description text NOT NULL,
    status character varying(50) NOT NULL,
    material_cost numeric(12,2) NOT NULL,
    labor_cost numeric(12,2) NOT NULL,
    total_cost numeric(12,2) NOT NULL,
    control_number character varying(100),
    created_at timestamp with time zone NOT NULL,
    request_id bigint,
    unit_id bigint NOT NULL,
    personnel_names text,
    requesting_office_name character varying(255),
    success_indicator_id bigint
);


ALTER TABLE public.gso_reports_workaccomplishmentreport OWNER TO jek;

--
-- Name: gso_reports_workaccomplishmentreport_assigned_personnel; Type: TABLE; Schema: public; Owner: jek
--

CREATE TABLE public.gso_reports_workaccomplishmentreport_assigned_personnel (
    id bigint CONSTRAINT gso_reports_workaccomplishmentreport_assigned_perso_id_not_null NOT NULL,
    workaccomplishmentreport_id bigint CONSTRAINT gso_reports_workaccomplishm_workaccomplishmentreport_i_not_null NOT NULL,
    user_id bigint CONSTRAINT gso_reports_workaccomplishmentreport_assigned__user_id_not_null NOT NULL
);


ALTER TABLE public.gso_reports_workaccomplishmentreport_assigned_personnel OWNER TO jek;

--
-- Name: gso_reports_workaccomplishmentreport_assigned_personnel_id_seq; Type: SEQUENCE; Schema: public; Owner: jek
--

ALTER TABLE public.gso_reports_workaccomplishmentreport_assigned_personnel ALTER COLUMN id ADD GENERATED BY DEFAULT AS IDENTITY (
    SEQUENCE NAME public.gso_reports_workaccomplishmentreport_assigned_personnel_id_seq
    START WITH 1
    INCREMENT BY 1
    NO MINVALUE
    NO MAXVALUE
    CACHE 1
);


--
-- Name: gso_reports_workaccomplishmentreport_id_seq; Type: SEQUENCE; Schema: public; Owner: jek
--

ALTER TABLE public.gso_reports_workaccomplishmentreport ALTER COLUMN id ADD GENERATED BY DEFAULT AS IDENTITY (
    SEQUENCE NAME public.gso_reports_workaccomplishmentreport_id_seq
    START WITH 1
    INCREMENT BY 1
    NO MINVALUE
    NO MAXVALUE
    CACHE 1
);


--
-- Name: gso_requests_feedback; Type: TABLE; Schema: public; Owner: jek
--

CREATE TABLE public.gso_requests_feedback (
    id bigint NOT NULL,
    cc1 character varying(200) NOT NULL,
    cc2 character varying(200) NOT NULL,
    cc3 character varying(200) NOT NULL,
    sqd1 integer,
    sqd2 integer,
    sqd3 integer,
    sqd4 integer,
    sqd5 integer,
    sqd6 integer,
    sqd7 integer,
    sqd8 integer,
    sqd9 integer,
    suggestions text NOT NULL,
    email character varying(254),
    average_score double precision NOT NULL,
    sentiment character varying(20) NOT NULL,
    is_visible boolean NOT NULL,
    date_submitted timestamp with time zone NOT NULL,
    request_id bigint NOT NULL,
    user_id bigint NOT NULL
);


ALTER TABLE public.gso_requests_feedback OWNER TO jek;

--
-- Name: gso_requests_feedback_id_seq; Type: SEQUENCE; Schema: public; Owner: jek
--

ALTER TABLE public.gso_requests_feedback ALTER COLUMN id ADD GENERATED BY DEFAULT AS IDENTITY (
    SEQUENCE NAME public.gso_requests_feedback_id_seq
    START WITH 1
    INCREMENT BY 1
    NO MINVALUE
    NO MAXVALUE
    CACHE 1
);


--
-- Name: gso_requests_requestmaterial; Type: TABLE; Schema: public; Owner: jek
--

CREATE TABLE public.gso_requests_requestmaterial (
    id bigint NOT NULL,
    quantity integer NOT NULL,
    material_id bigint NOT NULL,
    request_id bigint NOT NULL,
    CONSTRAINT gso_requests_requestmaterial_quantity_check CHECK ((quantity >= 0))
);


ALTER TABLE public.gso_requests_requestmaterial OWNER TO jek;

--
-- Name: gso_requests_requestmaterial_id_seq; Type: SEQUENCE; Schema: public; Owner: jek
--

ALTER TABLE public.gso_requests_requestmaterial ALTER COLUMN id ADD GENERATED BY DEFAULT AS IDENTITY (
    SEQUENCE NAME public.gso_requests_requestmaterial_id_seq
    START WITH 1
    INCREMENT BY 1
    NO MINVALUE
    NO MAXVALUE
    CACHE 1
);


--
-- Name: gso_requests_servicerequest; Type: TABLE; Schema: public; Owner: jek
--

CREATE TABLE public.gso_requests_servicerequest (
    id bigint NOT NULL,
    custom_full_name character varying(255),
    custom_email character varying(254),
    custom_contact_number character varying(50),
    activity_name character varying(255),
    description text NOT NULL,
    status character varying(20) NOT NULL,
    created_at timestamp with time zone NOT NULL,
    completed_at timestamp with time zone,
    department_id bigint,
    requestor_id bigint NOT NULL,
    unit_id bigint NOT NULL,
    selected_indicator_id bigint,
    attachment character varying(100),
    is_emergency boolean NOT NULL
);


ALTER TABLE public.gso_requests_servicerequest OWNER TO jek;

--
-- Name: gso_requests_servicerequest_assigned_personnel; Type: TABLE; Schema: public; Owner: jek
--

CREATE TABLE public.gso_requests_servicerequest_assigned_personnel (
    id bigint NOT NULL,
    servicerequest_id bigint CONSTRAINT gso_requests_servicerequest_assigned_servicerequest_id_not_null NOT NULL,
    user_id bigint NOT NULL
);


ALTER TABLE public.gso_requests_servicerequest_assigned_personnel OWNER TO jek;

--
-- Name: gso_requests_servicerequest_assigned_personnel_id_seq; Type: SEQUENCE; Schema: public; Owner: jek
--

ALTER TABLE public.gso_requests_servicerequest_assigned_personnel ALTER COLUMN id ADD GENERATED BY DEFAULT AS IDENTITY (
    SEQUENCE NAME public.gso_requests_servicerequest_assigned_personnel_id_seq
    START WITH 1
    INCREMENT BY 1
    NO MINVALUE
    NO MAXVALUE
    CACHE 1
);


--
-- Name: gso_requests_servicerequest_id_seq; Type: SEQUENCE; Schema: public; Owner: jek
--

ALTER TABLE public.gso_requests_servicerequest ALTER COLUMN id ADD GENERATED BY DEFAULT AS IDENTITY (
    SEQUENCE NAME public.gso_requests_servicerequest_id_seq
    START WITH 1
    INCREMENT BY 1
    NO MINVALUE
    NO MAXVALUE
    CACHE 1
);


--
-- Name: gso_requests_taskreport; Type: TABLE; Schema: public; Owner: jek
--

CREATE TABLE public.gso_requests_taskreport (
    id bigint NOT NULL,
    report_text text NOT NULL,
    created_at timestamp with time zone NOT NULL,
    personnel_id bigint NOT NULL,
    request_id bigint NOT NULL
);


ALTER TABLE public.gso_requests_taskreport OWNER TO jek;

--
-- Name: gso_requests_taskreport_id_seq; Type: SEQUENCE; Schema: public; Owner: jek
--

ALTER TABLE public.gso_requests_taskreport ALTER COLUMN id ADD GENERATED BY DEFAULT AS IDENTITY (
    SEQUENCE NAME public.gso_requests_taskreport_id_seq
    START WITH 1
    INCREMENT BY 1
    NO MINVALUE
    NO MAXVALUE
    CACHE 1
);


--
-- Name: notifications_notification; Type: TABLE; Schema: public; Owner: jek
--

CREATE TABLE public.notifications_notification (
    id bigint NOT NULL,
    message text NOT NULL,
    link character varying(200),
    is_read boolean NOT NULL,
    created_at timestamp with time zone NOT NULL,
    user_id bigint NOT NULL
);


ALTER TABLE public.notifications_notification OWNER TO jek;

--
-- Name: notifications_notification_id_seq; Type: SEQUENCE; Schema: public; Owner: jek
--

ALTER TABLE public.notifications_notification ALTER COLUMN id ADD GENERATED BY DEFAULT AS IDENTITY (
    SEQUENCE NAME public.notifications_notification_id_seq
    START WITH 1
    INCREMENT BY 1
    NO MINVALUE
    NO MAXVALUE
    CACHE 1
);


--
-- Data for Name: ai_service_aireportsummary; Type: TABLE DATA; Schema: public; Owner: jek
--

COPY public.ai_service_aireportsummary (id, summary_text, created_at, generated_by_id, report_id) FROM stdin;
\.


--
-- Data for Name: auth_group; Type: TABLE DATA; Schema: public; Owner: jek
--

COPY public.auth_group (id, name) FROM stdin;
\.


--
-- Data for Name: auth_group_permissions; Type: TABLE DATA; Schema: public; Owner: jek
--

COPY public.auth_group_permissions (id, group_id, permission_id) FROM stdin;
\.


--
-- Data for Name: auth_permission; Type: TABLE DATA; Schema: public; Owner: jek
--

COPY public.auth_permission (id, name, content_type_id, codename) FROM stdin;
1	Can add log entry	1	add_logentry
2	Can change log entry	1	change_logentry
3	Can delete log entry	1	delete_logentry
4	Can view log entry	1	view_logentry
5	Can add permission	2	add_permission
6	Can change permission	2	change_permission
7	Can delete permission	2	delete_permission
8	Can view permission	2	view_permission
9	Can add group	3	add_group
10	Can change group	3	change_group
11	Can delete group	3	delete_group
12	Can view group	3	view_group
13	Can add content type	4	add_contenttype
14	Can change content type	4	change_contenttype
15	Can delete content type	4	delete_contenttype
16	Can view content type	4	view_contenttype
17	Can add session	5	add_session
18	Can change session	5	change_session
19	Can delete session	5	delete_session
20	Can view session	5	view_session
21	Can add department	6	add_department
22	Can change department	6	change_department
23	Can delete department	6	delete_department
24	Can view department	6	view_department
25	Can add unit	7	add_unit
26	Can change unit	7	change_unit
27	Can delete unit	7	delete_unit
28	Can view unit	7	view_unit
29	Can add user	8	add_user
30	Can change user	8	change_user
31	Can delete user	8	delete_user
32	Can view user	8	view_user
33	Can add request material	9	add_requestmaterial
34	Can change request material	9	change_requestmaterial
35	Can delete request material	9	delete_requestmaterial
36	Can view request material	9	view_requestmaterial
37	Can add service request	10	add_servicerequest
38	Can change service request	10	change_servicerequest
39	Can delete service request	10	delete_servicerequest
40	Can view service request	10	view_servicerequest
41	Can add task report	11	add_taskreport
42	Can change task report	11	change_taskreport
43	Can delete task report	11	delete_taskreport
44	Can view task report	11	view_taskreport
45	Can add feedback	12	add_feedback
46	Can change feedback	12	change_feedback
47	Can delete feedback	12	delete_feedback
48	Can view feedback	12	view_feedback
49	Can add inventory item	13	add_inventoryitem
50	Can change inventory item	13	change_inventoryitem
51	Can delete inventory item	13	delete_inventoryitem
52	Can view inventory item	13	view_inventoryitem
53	Can add success indicator	14	add_successindicator
54	Can change success indicator	14	change_successindicator
55	Can delete success indicator	14	delete_successindicator
56	Can view success indicator	14	view_successindicator
57	Can add work accomplishment report	15	add_workaccomplishmentreport
58	Can change work accomplishment report	15	change_workaccomplishmentreport
59	Can delete work accomplishment report	15	delete_workaccomplishmentreport
60	Can view work accomplishment report	15	view_workaccomplishmentreport
61	Can add ipmt	16	add_ipmt
62	Can change ipmt	16	change_ipmt
63	Can delete ipmt	16	delete_ipmt
64	Can view ipmt	16	view_ipmt
65	Can add Data Migration	17	add_migrationupload
66	Can change Data Migration	17	change_migrationupload
67	Can delete Data Migration	17	delete_migrationupload
68	Can view Data Migration	17	view_migrationupload
69	Can add notification	18	add_notification
70	Can change notification	18	change_notification
71	Can delete notification	18	delete_notification
72	Can view notification	18	view_notification
73	Can add ai report summary	19	add_aireportsummary
74	Can change ai report summary	19	change_aireportsummary
75	Can delete ai report summary	19	delete_aireportsummary
76	Can view ai report summary	19	view_aireportsummary
\.


--
-- Data for Name: django_admin_log; Type: TABLE DATA; Schema: public; Owner: jek
--

COPY public.django_admin_log (id, action_time, object_id, object_repr, action_flag, change_message, content_type_id, user_id) FROM stdin;
1	2025-11-13 00:38:26.000581+08	1	Repair and Maintenance	1	[{"added": {}}]	7	1
2	2025-11-13 00:38:33.964173+08	2	Electrical	1	[{"added": {}}]	7	1
3	2025-11-13 00:38:40.403229+08	3	Utility	1	[{"added": {}}]	7	1
4	2025-11-13 00:38:48.585335+08	4	Motorpool	1	[{"added": {}}]	7	1
5	2025-11-13 00:39:08.325644+08	1	Computer Science Department	1	[{"added": {}}]	6	1
6	2025-11-13 00:40:39.48625+08	1	Jake Magalaman (Director)	2	[{"changed": {"fields": ["First name", "Last name", "Email address", "Role"]}}]	8	1
7	2025-11-13 13:58:02.84624+08	1	CF1 - Repair and Maintenance	1	[{"added": {}}]	14	1
8	2025-11-14 16:55:35.181946+08	6	Request #6 by Jake Magalaman - Repair and Maintenance	3		10	1
9	2025-11-14 17:12:25.098049+08	8	Request #8 by Rico Puno - Repair and Maintenance	3		10	1
\.


--
-- Data for Name: django_content_type; Type: TABLE DATA; Schema: public; Owner: jek
--

COPY public.django_content_type (id, app_label, model) FROM stdin;
1	admin	logentry
2	auth	permission
3	auth	group
4	contenttypes	contenttype
5	sessions	session
6	gso_accounts	department
7	gso_accounts	unit
8	gso_accounts	user
9	gso_requests	requestmaterial
10	gso_requests	servicerequest
11	gso_requests	taskreport
12	gso_requests	feedback
13	gso_inventory	inventoryitem
14	gso_reports	successindicator
15	gso_reports	workaccomplishmentreport
16	gso_reports	ipmt
17	gso_migration	migrationupload
18	notifications	notification
19	ai_service	aireportsummary
\.


--
-- Data for Name: django_migrations; Type: TABLE DATA; Schema: public; Owner: jek
--

COPY public.django_migrations (id, app, name, applied) FROM stdin;
1	contenttypes	0001_initial	2025-11-13 00:33:11.80314+08
2	contenttypes	0002_remove_content_type_name	2025-11-13 00:33:11.810856+08
3	auth	0001_initial	2025-11-13 00:33:11.861473+08
4	auth	0002_alter_permission_name_max_length	2025-11-13 00:33:11.862061+08
5	auth	0003_alter_user_email_max_length	2025-11-13 00:33:11.870395+08
6	auth	0004_alter_user_username_opts	2025-11-13 00:33:11.870395+08
7	auth	0005_alter_user_last_login_null	2025-11-13 00:33:11.886439+08
8	auth	0006_require_contenttypes_0002	2025-11-13 00:33:11.886439+08
9	auth	0007_alter_validators_add_error_messages	2025-11-13 00:33:11.886439+08
10	auth	0008_alter_user_username_max_length	2025-11-13 00:33:11.894399+08
11	auth	0009_alter_user_last_name_max_length	2025-11-13 00:33:11.902465+08
12	auth	0010_alter_group_name_max_length	2025-11-13 00:33:11.912117+08
13	auth	0011_update_proxy_permissions	2025-11-13 00:33:11.919733+08
14	auth	0012_alter_user_first_name_max_length	2025-11-13 00:33:11.928479+08
15	gso_accounts	0001_initial	2025-11-13 00:33:12.005862+08
16	admin	0001_initial	2025-11-13 00:33:12.034736+08
17	admin	0002_logentry_remove_auto_add	2025-11-13 00:33:12.041414+08
18	admin	0003_logentry_add_action_flag_choices	2025-11-13 00:33:12.049425+08
19	gso_inventory	0001_initial	2025-11-13 00:33:12.078013+08
20	gso_requests	0001_initial	2025-11-13 00:33:12.17393+08
21	gso_reports	0001_initial	2025-11-13 00:33:12.283442+08
22	ai_service	0001_initial	2025-11-13 00:33:12.291442+08
23	ai_service	0002_initial	2025-11-13 00:33:12.336371+08
24	gso_accounts	0002_unit_unit_head	2025-11-13 00:33:12.357858+08
25	gso_migration	0001_initial	2025-11-13 00:33:12.363657+08
26	gso_migration	0002_datamigration_delete_migrationbatch	2025-11-13 00:33:12.371202+08
27	gso_migration	0003_alter_datamigration_target_model	2025-11-13 00:33:12.377117+08
28	gso_migration	0004_alter_datamigration_target_model	2025-11-13 00:33:12.386309+08
29	gso_migration	0005_migrationupload_delete_datamigration	2025-11-13 00:33:12.425996+08
30	gso_migration	0006_migrationupload_target_unit	2025-11-13 00:33:12.453104+08
31	gso_reports	0002_workaccomplishmentreport_personnel_names_and_more	2025-11-13 00:33:12.485078+08
32	gso_reports	0003_remove_workaccomplishmentreport_personnel_names_and_more	2025-11-13 00:33:12.527182+08
33	gso_reports	0004_workaccomplishmentreport_personnel_names_and_more	2025-11-13 00:33:12.559904+08
34	gso_reports	0005_remove_successindicator_activity_name_and_more	2025-11-13 00:33:12.61269+08
35	gso_requests	0002_servicerequest_selected_indicator	2025-11-13 00:33:12.641962+08
36	gso_requests	0003_servicerequest_attachment	2025-11-13 00:33:12.719249+08
37	gso_requests	0004_alter_servicerequest_status	2025-11-13 00:33:12.727146+08
38	gso_requests	0005_servicerequest_is_emergency	2025-11-13 00:33:12.750465+08
39	gso_requests	0006_feedback	2025-11-13 00:33:12.796913+08
40	notifications	0001_initial	2025-11-13 00:33:12.827116+08
41	sessions	0001_initial	2025-11-13 00:33:12.835012+08
\.


--
-- Data for Name: django_session; Type: TABLE DATA; Schema: public; Owner: jek
--

COPY public.django_session (session_key, session_data, expire_date) FROM stdin;
bdq8to7gymgj58ngqdc9slrc4uwkh9in	.eJxVjMsOwiAQRf-FtSHDowVcuvcbyMAwUjU0Ke3K-O_apAvd3nPOfYmI21rj1ssSJxJnYcTpd0uYH6XtgO7YbrPMc1uXKcldkQft8jpTeV4O9--gYq_fmh0PRiVUKUCwOYCBkNkH0DyS1uAYBzPaVEhZq5lL9loREygPjOjE-wPcDzf6:1vJQZZ:fWagYJUH_nvI_dD4hElMhKBapjvJzl_0cKJqhylf3Bw	2025-11-27 14:12:45.193171+08
jt4chftf6j9pbk84gll350c74iluruin	.eJxVjDsOwjAQBe_iGln2-pOIkp4zWLveNQ4gR4qTCnF3iJQC2jcz76USbmtNW5clTazOCtTpdyPMD2k74Du226zz3NZlIr0r-qBdX2eW5-Vw_w4q9vqtjSmxlDFENDYMQGgZ0JGDkYEMQPDixQxiLXvJCMZZKuAcYKDINqj3B9NDN2g:1vJqFD:Hohr001CyM5vHofVH4yjkHohOEnQYig1Xn3P91aUWQ4	2025-11-28 17:37:27.156993+08
s4vpcxto4tpsawa236tp3fg96z7wmzmb	.eJxVjLsOAiEURP-F2hCeF7S09xsIcC-yaiBZdivjv7ubbKHNFHPOzJuFuC41rIPmMCG7MMtOv12K-UltB_iI7d557m2Zp8R3hR908FtHel0P9--gxlG3dQFCMFFvSdFRQieF8mhsKckrm1AqD1IbAEcZUAswiOqstfYonRPs8wX-xTev:1vJQkB:V-SUNpTTZ8--2zpEFVdrbr_k03Y9FkbAmT-RLGftaXI	2025-11-27 14:23:43.588387+08
nkh56yxkc2e5sykf2icdmy4i8fu4ksoe	.eJxVjDsOwjAQBe_iGln2-pOIkp4zWLveNQ4gR4qTCnF3iJQC2jcz76USbmtNW5clTazOCtTpdyPMD2k74Du226zz3NZlIr0r-qBdX2eW5-Vw_w4q9vqtjSmxlDFENDYMQGgZ0JGDkYEMQPDixQxiLXvJCMZZKuAcYKDINqj3B9NDN2g:1vKDCN:LXbi1FMC3ySTMqnFPIwnCT-aF0bhzgCxnGBj7kGvp7o	2025-11-29 18:08:03.336354+08
\.


--
-- Data for Name: gso_accounts_department; Type: TABLE DATA; Schema: public; Owner: jek
--

COPY public.gso_accounts_department (id, name) FROM stdin;
1	Computer Science Department
\.


--
-- Data for Name: gso_accounts_unit; Type: TABLE DATA; Schema: public; Owner: jek
--

COPY public.gso_accounts_unit (id, name, unit_head_id) FROM stdin;
1	Repair and Maintenance	\N
2	Electrical	\N
3	Utility	\N
4	Motorpool	\N
\.


--
-- Data for Name: gso_accounts_user; Type: TABLE DATA; Schema: public; Owner: jek
--

COPY public.gso_accounts_user (id, password, last_login, is_superuser, username, first_name, last_name, email, is_staff, is_active, date_joined, account_status, role, department_id, unit_id) FROM stdin;
4	pbkdf2_sha256$1000000$fn4gNVLJOeA43yZDN7BVcu$B3i+Sj1Yb5FsDEt+isNiPVfcbQQ9wuoKSHRN79kNFGc=	2025-11-14 17:28:01.830852+08	f	personnel	Assasino	Capuccino		f	t	2025-11-13 00:48:14.016007+08	active	personnel	\N	1
6	pbkdf2_sha256$1000000$7Yj8X91px1sedRpZfbvK09$d/h9geNpJnIR0f+wFikYeJlA0wAiqtjvhpCDUN4WVCA=	\N	f	personnel_2	Brim	Patapim		f	t	2025-11-14 17:28:09.511621+08	active	personnel	\N	1
7	pbkdf2_sha256$1000000$XYOm0xlk7jPIk7vsfYOrv1$+/bccPPP57lZElNCCnHp71IAFJDYm0MziMhfPyBV0Ao=	\N	f	personnel_3	Chimpanzini	Bananini		f	t	2025-11-14 17:31:14.382857+08	active	personnel	\N	1
3	pbkdf2_sha256$1000000$hRI5ZBk9H1y1dGOxifMYSS$9qyJxLZu+DRgxOp+8mKbxJYijsADhQX6kG1y36YWBfQ=	2025-11-14 17:33:43.79637+08	f	unithead	Boombardino	Crocodillo		f	t	2025-11-13 00:47:40.06387+08	active	unit_head	\N	1
1	pbkdf2_sha256$1000000$AVsy55jjNJqSK5OIBAviZi$UmwRjxPszBbQ66j0RVsekC1bRWcrCQxFeOnk1QCMdpc=	2025-11-14 17:35:04.057716+08	t	jeek	Jake	Magalaman	jeek@psu.palawan.edu.ph	t	t	2025-11-13 00:35:24+08	active	director	\N	\N
5	pbkdf2_sha256$1000000$uLgJFLv8YSihHyjJrz7fBr$VD4Kpn3O36d9jpXV+AzQqsTmokWyjCmhvW8ZwQWKG4o=	2025-11-15 14:27:37.883503+08	f	requester				f	t	2025-11-13 00:48:35.553228+08	active	requestor	1	\N
2	pbkdf2_sha256$1000000$I6QWZiZn4Is9zfVzgRFluV$7my9jakcUnEXxwtL1Gy68N0AEGc1wVLFHm8Z7ooVEQc=	2025-11-15 18:08:03.334343+08	f	office	Tralalelo	Tralala		f	t	2025-11-13 00:44:57.036511+08	active	gso	\N	\N
\.


--
-- Data for Name: gso_accounts_user_groups; Type: TABLE DATA; Schema: public; Owner: jek
--

COPY public.gso_accounts_user_groups (id, user_id, group_id) FROM stdin;
\.


--
-- Data for Name: gso_accounts_user_user_permissions; Type: TABLE DATA; Schema: public; Owner: jek
--

COPY public.gso_accounts_user_user_permissions (id, user_id, permission_id) FROM stdin;
\.


--
-- Data for Name: gso_inventory_inventoryitem; Type: TABLE DATA; Schema: public; Owner: jek
--

COPY public.gso_inventory_inventoryitem (id, name, description, quantity, unit_of_measurement, category, created_at, updated_at, is_active, owned_by_id) FROM stdin;
2	Door Hinge		3	pcs	Repair	2025-11-13 15:00:11.687348+08	2025-11-13 15:00:28.762265+08	t	1
1	Door Knob		4	pcs	Repair	2025-11-13 14:58:02.082359+08	2025-11-13 15:00:28.770272+08	t	1
\.


--
-- Data for Name: gso_migration_migrationupload; Type: TABLE DATA; Schema: public; Owner: jek
--

COPY public.gso_migration_migrationupload (id, file, migration_type, uploaded_at, processed, result_message, uploaded_by_id, target_unit_id) FROM stdin;
\.


--
-- Data for Name: gso_reports_ipmt; Type: TABLE DATA; Schema: public; Owner: jek
--

COPY public.gso_reports_ipmt (id, month, accomplishment, remarks, created_at, updated_at, personnel_id, unit_id, indicator_id) FROM stdin;
\.


--
-- Data for Name: gso_reports_ipmt_reports; Type: TABLE DATA; Schema: public; Owner: jek
--

COPY public.gso_reports_ipmt_reports (id, ipmt_id, workaccomplishmentreport_id) FROM stdin;
\.


--
-- Data for Name: gso_reports_successindicator; Type: TABLE DATA; Schema: public; Owner: jek
--

COPY public.gso_reports_successindicator (id, code, description, is_active, unit_id) FROM stdin;
1	CF1	kjdsgoijg	t	1
\.


--
-- Data for Name: gso_reports_workaccomplishmentreport; Type: TABLE DATA; Schema: public; Owner: jek
--

COPY public.gso_reports_workaccomplishmentreport (id, date_started, date_completed, activity_name, description, status, material_cost, labor_cost, total_cost, control_number, created_at, request_id, unit_id, personnel_names, requesting_office_name, success_indicator_id) FROM stdin;
1	2025-11-12	2025-11-13	General Task		Completed	0.00	0.00	0.00	\N	2025-11-13 13:51:02.923382+08	3	1	\N	\N	\N
2	2025-11-12	2025-11-13	General Task		Completed	0.00	0.00	0.00	\N	2025-11-13 13:54:48.958568+08	2	1	\N	\N	\N
3	2025-11-13	2025-11-13	General Task	[AI Error] HTTPConnectionPool(host='127.0.0.1', port=8001): Max retries exceeded with url: /v1/generate (Caused by NewConnectionError('<urllib3.connection.HTTPConnection object at 0x000001328D405DF0>: Failed to establish a new connection: [WinError 10061] No connection could be made because the target machine actively refused it'))	Completed	0.00	0.00	0.00	\N	2025-11-13 14:02:22.906498+08	4	1	\N	\N	1
4	2025-11-13	2025-11-13	General Task		Completed	0.00	0.00	0.00	\N	2025-11-13 14:41:48.420689+08	5	1	\N	\N	\N
\.


--
-- Data for Name: gso_reports_workaccomplishmentreport_assigned_personnel; Type: TABLE DATA; Schema: public; Owner: jek
--

COPY public.gso_reports_workaccomplishmentreport_assigned_personnel (id, workaccomplishmentreport_id, user_id) FROM stdin;
1	1	4
2	2	4
3	3	4
4	4	4
\.


--
-- Data for Name: gso_requests_feedback; Type: TABLE DATA; Schema: public; Owner: jek
--

COPY public.gso_requests_feedback (id, cc1, cc2, cc3, sqd1, sqd2, sqd3, sqd4, sqd5, sqd6, sqd7, sqd8, sqd9, suggestions, email, average_score, sentiment, is_visible, date_submitted, request_id, user_id) FROM stdin;
1	I know what a CC is but I did not see this office’s CC	Easy to see	Helped very much	\N	\N	\N	\N	\N	\N	\N	\N	\N	aydsfgf	cs@psu.palawan.edu.ph	0		t	2025-11-13 13:59:44.600572+08	3	5
\.


--
-- Data for Name: gso_requests_requestmaterial; Type: TABLE DATA; Schema: public; Owner: jek
--

COPY public.gso_requests_requestmaterial (id, quantity, material_id, request_id) FROM stdin;
2	2	2	7
3	1	1	7
\.


--
-- Data for Name: gso_requests_servicerequest; Type: TABLE DATA; Schema: public; Owner: jek
--

COPY public.gso_requests_servicerequest (id, custom_full_name, custom_email, custom_contact_number, activity_name, description, status, created_at, completed_at, department_id, requestor_id, unit_id, selected_indicator_id, attachment, is_emergency) FROM stdin;
1	Kenjay Abados	cs@psu.palawan.edu.ph	09123456789	\N	Wee need help fixing the door knob	Emergency	2025-11-13 00:49:47.170413+08	\N	1	5	1	\N	request_attachments/Screenshot_110_YC6yAGK.png	t
3	Jek Ngani	cs@psu.palawan.edu.ph	09123456789	\N	We need help installing the windows	Completed	2025-11-13 01:23:01.935809+08	2025-11-13 13:51:02.85372+08	1	5	1	\N	request_attachments/Screenshot_114.png	f
2	John Cris Gaite	cs@psu.palawan.edu.ph	09123456789	\N	We need help fixing the window	Completed	2025-11-13 00:59:37.666569+08	2025-11-13 13:54:48.904531+08	1	5	1	\N	request_attachments/Screenshot_117_5HooOjT.png	f
4	Kenpy Jr	cs@psu.palawan.edu.ph	09123456789	\N	sdfghj	Completed	2025-11-13 13:58:43.692715+08	2025-11-13 14:02:22.837523+08	1	5	1	1	request_attachments/Screenshot_118.png	f
5	Jake Magalaman	cs@gmail.com	09123456789	\N	Need help fixing doors	Completed	2025-11-13 14:25:18.639356+08	2025-11-13 14:41:48.357503+08	1	5	1	\N		f
7	John Criss Gaite	cris@gmail.com	09123456789	\N	Need help fix window in the Computer Science Department 	In Progress	2025-11-13 14:54:55.346091+08	\N	1	5	1	\N		f
9	Joshua Garcia	GarciaJoshua23@gmail.com	09362458321	\N	install for electrical outlet and change the bulb. College of Sciences	Pending	2025-11-14 17:26:23.934707+08	\N	1	5	2	\N		f
\.


--
-- Data for Name: gso_requests_servicerequest_assigned_personnel; Type: TABLE DATA; Schema: public; Owner: jek
--

COPY public.gso_requests_servicerequest_assigned_personnel (id, servicerequest_id, user_id) FROM stdin;
1	3	4
2	2	4
3	1	4
4	4	4
5	5	4
6	7	4
\.


--
-- Data for Name: gso_requests_taskreport; Type: TABLE DATA; Schema: public; Owner: jek
--

COPY public.gso_requests_taskreport (id, report_text, created_at, personnel_id, request_id) FROM stdin;
1	Start Task	2025-11-13 14:37:18.99079+08	4	5
2	Lack of materials	2025-11-13 14:38:38.981973+08	4	5
\.


--
-- Data for Name: notifications_notification; Type: TABLE DATA; Schema: public; Owner: jek
--

COPY public.notifications_notification (id, message, link, is_read, created_at, user_id) FROM stdin;
\.


--
-- Name: ai_service_aireportsummary_id_seq; Type: SEQUENCE SET; Schema: public; Owner: jek
--

SELECT pg_catalog.setval('public.ai_service_aireportsummary_id_seq', 1, false);


--
-- Name: auth_group_id_seq; Type: SEQUENCE SET; Schema: public; Owner: jek
--

SELECT pg_catalog.setval('public.auth_group_id_seq', 1, false);


--
-- Name: auth_group_permissions_id_seq; Type: SEQUENCE SET; Schema: public; Owner: jek
--

SELECT pg_catalog.setval('public.auth_group_permissions_id_seq', 1, false);


--
-- Name: auth_permission_id_seq; Type: SEQUENCE SET; Schema: public; Owner: jek
--

SELECT pg_catalog.setval('public.auth_permission_id_seq', 76, true);


--
-- Name: django_admin_log_id_seq; Type: SEQUENCE SET; Schema: public; Owner: jek
--

SELECT pg_catalog.setval('public.django_admin_log_id_seq', 9, true);


--
-- Name: django_content_type_id_seq; Type: SEQUENCE SET; Schema: public; Owner: jek
--

SELECT pg_catalog.setval('public.django_content_type_id_seq', 19, true);


--
-- Name: django_migrations_id_seq; Type: SEQUENCE SET; Schema: public; Owner: jek
--

SELECT pg_catalog.setval('public.django_migrations_id_seq', 41, true);


--
-- Name: gso_accounts_department_id_seq; Type: SEQUENCE SET; Schema: public; Owner: jek
--

SELECT pg_catalog.setval('public.gso_accounts_department_id_seq', 1, true);


--
-- Name: gso_accounts_unit_id_seq; Type: SEQUENCE SET; Schema: public; Owner: jek
--

SELECT pg_catalog.setval('public.gso_accounts_unit_id_seq', 4, true);


--
-- Name: gso_accounts_user_groups_id_seq; Type: SEQUENCE SET; Schema: public; Owner: jek
--

SELECT pg_catalog.setval('public.gso_accounts_user_groups_id_seq', 1, false);


--
-- Name: gso_accounts_user_id_seq; Type: SEQUENCE SET; Schema: public; Owner: jek
--

SELECT pg_catalog.setval('public.gso_accounts_user_id_seq', 7, true);


--
-- Name: gso_accounts_user_user_permissions_id_seq; Type: SEQUENCE SET; Schema: public; Owner: jek
--

SELECT pg_catalog.setval('public.gso_accounts_user_user_permissions_id_seq', 1, false);


--
-- Name: gso_inventory_inventoryitem_id_seq; Type: SEQUENCE SET; Schema: public; Owner: jek
--

SELECT pg_catalog.setval('public.gso_inventory_inventoryitem_id_seq', 2, true);


--
-- Name: gso_migration_migrationupload_id_seq; Type: SEQUENCE SET; Schema: public; Owner: jek
--

SELECT pg_catalog.setval('public.gso_migration_migrationupload_id_seq', 1, false);


--
-- Name: gso_reports_ipmt_id_seq; Type: SEQUENCE SET; Schema: public; Owner: jek
--

SELECT pg_catalog.setval('public.gso_reports_ipmt_id_seq', 1, false);


--
-- Name: gso_reports_ipmt_reports_id_seq; Type: SEQUENCE SET; Schema: public; Owner: jek
--

SELECT pg_catalog.setval('public.gso_reports_ipmt_reports_id_seq', 1, false);


--
-- Name: gso_reports_successindicator_id_seq; Type: SEQUENCE SET; Schema: public; Owner: jek
--

SELECT pg_catalog.setval('public.gso_reports_successindicator_id_seq', 1, true);


--
-- Name: gso_reports_workaccomplishmentreport_assigned_personnel_id_seq; Type: SEQUENCE SET; Schema: public; Owner: jek
--

SELECT pg_catalog.setval('public.gso_reports_workaccomplishmentreport_assigned_personnel_id_seq', 4, true);


--
-- Name: gso_reports_workaccomplishmentreport_id_seq; Type: SEQUENCE SET; Schema: public; Owner: jek
--

SELECT pg_catalog.setval('public.gso_reports_workaccomplishmentreport_id_seq', 4, true);


--
-- Name: gso_requests_feedback_id_seq; Type: SEQUENCE SET; Schema: public; Owner: jek
--

SELECT pg_catalog.setval('public.gso_requests_feedback_id_seq', 1, true);


--
-- Name: gso_requests_requestmaterial_id_seq; Type: SEQUENCE SET; Schema: public; Owner: jek
--

SELECT pg_catalog.setval('public.gso_requests_requestmaterial_id_seq', 3, true);


--
-- Name: gso_requests_servicerequest_assigned_personnel_id_seq; Type: SEQUENCE SET; Schema: public; Owner: jek
--

SELECT pg_catalog.setval('public.gso_requests_servicerequest_assigned_personnel_id_seq', 6, true);


--
-- Name: gso_requests_servicerequest_id_seq; Type: SEQUENCE SET; Schema: public; Owner: jek
--

SELECT pg_catalog.setval('public.gso_requests_servicerequest_id_seq', 9, true);


--
-- Name: gso_requests_taskreport_id_seq; Type: SEQUENCE SET; Schema: public; Owner: jek
--

SELECT pg_catalog.setval('public.gso_requests_taskreport_id_seq', 2, true);


--
-- Name: notifications_notification_id_seq; Type: SEQUENCE SET; Schema: public; Owner: jek
--

SELECT pg_catalog.setval('public.notifications_notification_id_seq', 1, false);


--
-- Name: ai_service_aireportsummary ai_service_aireportsummary_pkey; Type: CONSTRAINT; Schema: public; Owner: jek
--

ALTER TABLE ONLY public.ai_service_aireportsummary
    ADD CONSTRAINT ai_service_aireportsummary_pkey PRIMARY KEY (id);


--
-- Name: auth_group auth_group_name_key; Type: CONSTRAINT; Schema: public; Owner: jek
--

ALTER TABLE ONLY public.auth_group
    ADD CONSTRAINT auth_group_name_key UNIQUE (name);


--
-- Name: auth_group_permissions auth_group_permissions_group_id_permission_id_0cd325b0_uniq; Type: CONSTRAINT; Schema: public; Owner: jek
--

ALTER TABLE ONLY public.auth_group_permissions
    ADD CONSTRAINT auth_group_permissions_group_id_permission_id_0cd325b0_uniq UNIQUE (group_id, permission_id);


--
-- Name: auth_group_permissions auth_group_permissions_pkey; Type: CONSTRAINT; Schema: public; Owner: jek
--

ALTER TABLE ONLY public.auth_group_permissions
    ADD CONSTRAINT auth_group_permissions_pkey PRIMARY KEY (id);


--
-- Name: auth_group auth_group_pkey; Type: CONSTRAINT; Schema: public; Owner: jek
--

ALTER TABLE ONLY public.auth_group
    ADD CONSTRAINT auth_group_pkey PRIMARY KEY (id);


--
-- Name: auth_permission auth_permission_content_type_id_codename_01ab375a_uniq; Type: CONSTRAINT; Schema: public; Owner: jek
--

ALTER TABLE ONLY public.auth_permission
    ADD CONSTRAINT auth_permission_content_type_id_codename_01ab375a_uniq UNIQUE (content_type_id, codename);


--
-- Name: auth_permission auth_permission_pkey; Type: CONSTRAINT; Schema: public; Owner: jek
--

ALTER TABLE ONLY public.auth_permission
    ADD CONSTRAINT auth_permission_pkey PRIMARY KEY (id);


--
-- Name: django_admin_log django_admin_log_pkey; Type: CONSTRAINT; Schema: public; Owner: jek
--

ALTER TABLE ONLY public.django_admin_log
    ADD CONSTRAINT django_admin_log_pkey PRIMARY KEY (id);


--
-- Name: django_content_type django_content_type_app_label_model_76bd3d3b_uniq; Type: CONSTRAINT; Schema: public; Owner: jek
--

ALTER TABLE ONLY public.django_content_type
    ADD CONSTRAINT django_content_type_app_label_model_76bd3d3b_uniq UNIQUE (app_label, model);


--
-- Name: django_content_type django_content_type_pkey; Type: CONSTRAINT; Schema: public; Owner: jek
--

ALTER TABLE ONLY public.django_content_type
    ADD CONSTRAINT django_content_type_pkey PRIMARY KEY (id);


--
-- Name: django_migrations django_migrations_pkey; Type: CONSTRAINT; Schema: public; Owner: jek
--

ALTER TABLE ONLY public.django_migrations
    ADD CONSTRAINT django_migrations_pkey PRIMARY KEY (id);


--
-- Name: django_session django_session_pkey; Type: CONSTRAINT; Schema: public; Owner: jek
--

ALTER TABLE ONLY public.django_session
    ADD CONSTRAINT django_session_pkey PRIMARY KEY (session_key);


--
-- Name: gso_accounts_department gso_accounts_department_name_key; Type: CONSTRAINT; Schema: public; Owner: jek
--

ALTER TABLE ONLY public.gso_accounts_department
    ADD CONSTRAINT gso_accounts_department_name_key UNIQUE (name);


--
-- Name: gso_accounts_department gso_accounts_department_pkey; Type: CONSTRAINT; Schema: public; Owner: jek
--

ALTER TABLE ONLY public.gso_accounts_department
    ADD CONSTRAINT gso_accounts_department_pkey PRIMARY KEY (id);


--
-- Name: gso_accounts_unit gso_accounts_unit_name_key; Type: CONSTRAINT; Schema: public; Owner: jek
--

ALTER TABLE ONLY public.gso_accounts_unit
    ADD CONSTRAINT gso_accounts_unit_name_key UNIQUE (name);


--
-- Name: gso_accounts_unit gso_accounts_unit_pkey; Type: CONSTRAINT; Schema: public; Owner: jek
--

ALTER TABLE ONLY public.gso_accounts_unit
    ADD CONSTRAINT gso_accounts_unit_pkey PRIMARY KEY (id);


--
-- Name: gso_accounts_user_groups gso_accounts_user_groups_pkey; Type: CONSTRAINT; Schema: public; Owner: jek
--

ALTER TABLE ONLY public.gso_accounts_user_groups
    ADD CONSTRAINT gso_accounts_user_groups_pkey PRIMARY KEY (id);


--
-- Name: gso_accounts_user_groups gso_accounts_user_groups_user_id_group_id_ecef8f00_uniq; Type: CONSTRAINT; Schema: public; Owner: jek
--

ALTER TABLE ONLY public.gso_accounts_user_groups
    ADD CONSTRAINT gso_accounts_user_groups_user_id_group_id_ecef8f00_uniq UNIQUE (user_id, group_id);


--
-- Name: gso_accounts_user gso_accounts_user_pkey; Type: CONSTRAINT; Schema: public; Owner: jek
--

ALTER TABLE ONLY public.gso_accounts_user
    ADD CONSTRAINT gso_accounts_user_pkey PRIMARY KEY (id);


--
-- Name: gso_accounts_user_user_permissions gso_accounts_user_user_p_user_id_permission_id_7a7f21a4_uniq; Type: CONSTRAINT; Schema: public; Owner: jek
--

ALTER TABLE ONLY public.gso_accounts_user_user_permissions
    ADD CONSTRAINT gso_accounts_user_user_p_user_id_permission_id_7a7f21a4_uniq UNIQUE (user_id, permission_id);


--
-- Name: gso_accounts_user_user_permissions gso_accounts_user_user_permissions_pkey; Type: CONSTRAINT; Schema: public; Owner: jek
--

ALTER TABLE ONLY public.gso_accounts_user_user_permissions
    ADD CONSTRAINT gso_accounts_user_user_permissions_pkey PRIMARY KEY (id);


--
-- Name: gso_accounts_user gso_accounts_user_username_key; Type: CONSTRAINT; Schema: public; Owner: jek
--

ALTER TABLE ONLY public.gso_accounts_user
    ADD CONSTRAINT gso_accounts_user_username_key UNIQUE (username);


--
-- Name: gso_inventory_inventoryitem gso_inventory_inventoryitem_pkey; Type: CONSTRAINT; Schema: public; Owner: jek
--

ALTER TABLE ONLY public.gso_inventory_inventoryitem
    ADD CONSTRAINT gso_inventory_inventoryitem_pkey PRIMARY KEY (id);


--
-- Name: gso_migration_migrationupload gso_migration_migrationupload_pkey; Type: CONSTRAINT; Schema: public; Owner: jek
--

ALTER TABLE ONLY public.gso_migration_migrationupload
    ADD CONSTRAINT gso_migration_migrationupload_pkey PRIMARY KEY (id);


--
-- Name: gso_reports_ipmt gso_reports_ipmt_pkey; Type: CONSTRAINT; Schema: public; Owner: jek
--

ALTER TABLE ONLY public.gso_reports_ipmt
    ADD CONSTRAINT gso_reports_ipmt_pkey PRIMARY KEY (id);


--
-- Name: gso_reports_ipmt_reports gso_reports_ipmt_reports_ipmt_id_workaccomplishme_ac3a72f0_uniq; Type: CONSTRAINT; Schema: public; Owner: jek
--

ALTER TABLE ONLY public.gso_reports_ipmt_reports
    ADD CONSTRAINT gso_reports_ipmt_reports_ipmt_id_workaccomplishme_ac3a72f0_uniq UNIQUE (ipmt_id, workaccomplishmentreport_id);


--
-- Name: gso_reports_ipmt_reports gso_reports_ipmt_reports_pkey; Type: CONSTRAINT; Schema: public; Owner: jek
--

ALTER TABLE ONLY public.gso_reports_ipmt_reports
    ADD CONSTRAINT gso_reports_ipmt_reports_pkey PRIMARY KEY (id);


--
-- Name: gso_reports_successindicator gso_reports_successindicator_pkey; Type: CONSTRAINT; Schema: public; Owner: jek
--

ALTER TABLE ONLY public.gso_reports_successindicator
    ADD CONSTRAINT gso_reports_successindicator_pkey PRIMARY KEY (id);


--
-- Name: gso_reports_workaccomplishmentreport_assigned_personnel gso_reports_workaccompli_workaccomplishmentreport_2151d62b_uniq; Type: CONSTRAINT; Schema: public; Owner: jek
--

ALTER TABLE ONLY public.gso_reports_workaccomplishmentreport_assigned_personnel
    ADD CONSTRAINT gso_reports_workaccompli_workaccomplishmentreport_2151d62b_uniq UNIQUE (workaccomplishmentreport_id, user_id);


--
-- Name: gso_reports_workaccomplishmentreport_assigned_personnel gso_reports_workaccomplishmentreport_assigned_personnel_pkey; Type: CONSTRAINT; Schema: public; Owner: jek
--

ALTER TABLE ONLY public.gso_reports_workaccomplishmentreport_assigned_personnel
    ADD CONSTRAINT gso_reports_workaccomplishmentreport_assigned_personnel_pkey PRIMARY KEY (id);


--
-- Name: gso_reports_workaccomplishmentreport gso_reports_workaccomplishmentreport_control_number_key; Type: CONSTRAINT; Schema: public; Owner: jek
--

ALTER TABLE ONLY public.gso_reports_workaccomplishmentreport
    ADD CONSTRAINT gso_reports_workaccomplishmentreport_control_number_key UNIQUE (control_number);


--
-- Name: gso_reports_workaccomplishmentreport gso_reports_workaccomplishmentreport_pkey; Type: CONSTRAINT; Schema: public; Owner: jek
--

ALTER TABLE ONLY public.gso_reports_workaccomplishmentreport
    ADD CONSTRAINT gso_reports_workaccomplishmentreport_pkey PRIMARY KEY (id);


--
-- Name: gso_reports_workaccomplishmentreport gso_reports_workaccomplishmentreport_request_id_key; Type: CONSTRAINT; Schema: public; Owner: jek
--

ALTER TABLE ONLY public.gso_reports_workaccomplishmentreport
    ADD CONSTRAINT gso_reports_workaccomplishmentreport_request_id_key UNIQUE (request_id);


--
-- Name: gso_requests_feedback gso_requests_feedback_pkey; Type: CONSTRAINT; Schema: public; Owner: jek
--

ALTER TABLE ONLY public.gso_requests_feedback
    ADD CONSTRAINT gso_requests_feedback_pkey PRIMARY KEY (id);


--
-- Name: gso_requests_feedback gso_requests_feedback_request_id_key; Type: CONSTRAINT; Schema: public; Owner: jek
--

ALTER TABLE ONLY public.gso_requests_feedback
    ADD CONSTRAINT gso_requests_feedback_request_id_key UNIQUE (request_id);


--
-- Name: gso_requests_requestmaterial gso_requests_requestmaterial_pkey; Type: CONSTRAINT; Schema: public; Owner: jek
--

ALTER TABLE ONLY public.gso_requests_requestmaterial
    ADD CONSTRAINT gso_requests_requestmaterial_pkey PRIMARY KEY (id);


--
-- Name: gso_requests_servicerequest_assigned_personnel gso_requests_servicerequ_servicerequest_id_user_i_fda56806_uniq; Type: CONSTRAINT; Schema: public; Owner: jek
--

ALTER TABLE ONLY public.gso_requests_servicerequest_assigned_personnel
    ADD CONSTRAINT gso_requests_servicerequ_servicerequest_id_user_i_fda56806_uniq UNIQUE (servicerequest_id, user_id);


--
-- Name: gso_requests_servicerequest_assigned_personnel gso_requests_servicerequest_assigned_personnel_pkey; Type: CONSTRAINT; Schema: public; Owner: jek
--

ALTER TABLE ONLY public.gso_requests_servicerequest_assigned_personnel
    ADD CONSTRAINT gso_requests_servicerequest_assigned_personnel_pkey PRIMARY KEY (id);


--
-- Name: gso_requests_servicerequest gso_requests_servicerequest_pkey; Type: CONSTRAINT; Schema: public; Owner: jek
--

ALTER TABLE ONLY public.gso_requests_servicerequest
    ADD CONSTRAINT gso_requests_servicerequest_pkey PRIMARY KEY (id);


--
-- Name: gso_requests_taskreport gso_requests_taskreport_pkey; Type: CONSTRAINT; Schema: public; Owner: jek
--

ALTER TABLE ONLY public.gso_requests_taskreport
    ADD CONSTRAINT gso_requests_taskreport_pkey PRIMARY KEY (id);


--
-- Name: notifications_notification notifications_notification_pkey; Type: CONSTRAINT; Schema: public; Owner: jek
--

ALTER TABLE ONLY public.notifications_notification
    ADD CONSTRAINT notifications_notification_pkey PRIMARY KEY (id);


--
-- Name: ai_service_aireportsummary_generated_by_id_7917362d; Type: INDEX; Schema: public; Owner: jek
--

CREATE INDEX ai_service_aireportsummary_generated_by_id_7917362d ON public.ai_service_aireportsummary USING btree (generated_by_id);


--
-- Name: ai_service_aireportsummary_report_id_b450a5d9; Type: INDEX; Schema: public; Owner: jek
--

CREATE INDEX ai_service_aireportsummary_report_id_b450a5d9 ON public.ai_service_aireportsummary USING btree (report_id);


--
-- Name: auth_group_name_a6ea08ec_like; Type: INDEX; Schema: public; Owner: jek
--

CREATE INDEX auth_group_name_a6ea08ec_like ON public.auth_group USING btree (name varchar_pattern_ops);


--
-- Name: auth_group_permissions_group_id_b120cbf9; Type: INDEX; Schema: public; Owner: jek
--

CREATE INDEX auth_group_permissions_group_id_b120cbf9 ON public.auth_group_permissions USING btree (group_id);


--
-- Name: auth_group_permissions_permission_id_84c5c92e; Type: INDEX; Schema: public; Owner: jek
--

CREATE INDEX auth_group_permissions_permission_id_84c5c92e ON public.auth_group_permissions USING btree (permission_id);


--
-- Name: auth_permission_content_type_id_2f476e4b; Type: INDEX; Schema: public; Owner: jek
--

CREATE INDEX auth_permission_content_type_id_2f476e4b ON public.auth_permission USING btree (content_type_id);


--
-- Name: django_admin_log_content_type_id_c4bce8eb; Type: INDEX; Schema: public; Owner: jek
--

CREATE INDEX django_admin_log_content_type_id_c4bce8eb ON public.django_admin_log USING btree (content_type_id);


--
-- Name: django_admin_log_user_id_c564eba6; Type: INDEX; Schema: public; Owner: jek
--

CREATE INDEX django_admin_log_user_id_c564eba6 ON public.django_admin_log USING btree (user_id);


--
-- Name: django_session_expire_date_a5c62663; Type: INDEX; Schema: public; Owner: jek
--

CREATE INDEX django_session_expire_date_a5c62663 ON public.django_session USING btree (expire_date);


--
-- Name: django_session_session_key_c0390e0f_like; Type: INDEX; Schema: public; Owner: jek
--

CREATE INDEX django_session_session_key_c0390e0f_like ON public.django_session USING btree (session_key varchar_pattern_ops);


--
-- Name: gso_accounts_department_name_39ed3737_like; Type: INDEX; Schema: public; Owner: jek
--

CREATE INDEX gso_accounts_department_name_39ed3737_like ON public.gso_accounts_department USING btree (name varchar_pattern_ops);


--
-- Name: gso_accounts_unit_name_d83158e4_like; Type: INDEX; Schema: public; Owner: jek
--

CREATE INDEX gso_accounts_unit_name_d83158e4_like ON public.gso_accounts_unit USING btree (name varchar_pattern_ops);


--
-- Name: gso_accounts_unit_unit_head_id_625bd65e; Type: INDEX; Schema: public; Owner: jek
--

CREATE INDEX gso_accounts_unit_unit_head_id_625bd65e ON public.gso_accounts_unit USING btree (unit_head_id);


--
-- Name: gso_accounts_user_department_id_f6d82a56; Type: INDEX; Schema: public; Owner: jek
--

CREATE INDEX gso_accounts_user_department_id_f6d82a56 ON public.gso_accounts_user USING btree (department_id);


--
-- Name: gso_accounts_user_groups_group_id_0f4fca49; Type: INDEX; Schema: public; Owner: jek
--

CREATE INDEX gso_accounts_user_groups_group_id_0f4fca49 ON public.gso_accounts_user_groups USING btree (group_id);


--
-- Name: gso_accounts_user_groups_user_id_a4f013d0; Type: INDEX; Schema: public; Owner: jek
--

CREATE INDEX gso_accounts_user_groups_user_id_a4f013d0 ON public.gso_accounts_user_groups USING btree (user_id);


--
-- Name: gso_accounts_user_unit_id_15c50ce5; Type: INDEX; Schema: public; Owner: jek
--

CREATE INDEX gso_accounts_user_unit_id_15c50ce5 ON public.gso_accounts_user USING btree (unit_id);


--
-- Name: gso_accounts_user_user_permissions_permission_id_9eaebc99; Type: INDEX; Schema: public; Owner: jek
--

CREATE INDEX gso_accounts_user_user_permissions_permission_id_9eaebc99 ON public.gso_accounts_user_user_permissions USING btree (permission_id);


--
-- Name: gso_accounts_user_user_permissions_user_id_8d851d00; Type: INDEX; Schema: public; Owner: jek
--

CREATE INDEX gso_accounts_user_user_permissions_user_id_8d851d00 ON public.gso_accounts_user_user_permissions USING btree (user_id);


--
-- Name: gso_accounts_user_username_5f698ecd_like; Type: INDEX; Schema: public; Owner: jek
--

CREATE INDEX gso_accounts_user_username_5f698ecd_like ON public.gso_accounts_user USING btree (username varchar_pattern_ops);


--
-- Name: gso_inventory_inventoryitem_owned_by_id_56cebc7f; Type: INDEX; Schema: public; Owner: jek
--

CREATE INDEX gso_inventory_inventoryitem_owned_by_id_56cebc7f ON public.gso_inventory_inventoryitem USING btree (owned_by_id);


--
-- Name: gso_migration_migrationupload_target_unit_id_25f9b8f9; Type: INDEX; Schema: public; Owner: jek
--

CREATE INDEX gso_migration_migrationupload_target_unit_id_25f9b8f9 ON public.gso_migration_migrationupload USING btree (target_unit_id);


--
-- Name: gso_migration_migrationupload_uploaded_by_id_122b277a; Type: INDEX; Schema: public; Owner: jek
--

CREATE INDEX gso_migration_migrationupload_uploaded_by_id_122b277a ON public.gso_migration_migrationupload USING btree (uploaded_by_id);


--
-- Name: gso_reports_ipmt_indicator_id_d4e9f0be; Type: INDEX; Schema: public; Owner: jek
--

CREATE INDEX gso_reports_ipmt_indicator_id_d4e9f0be ON public.gso_reports_ipmt USING btree (indicator_id);


--
-- Name: gso_reports_ipmt_personnel_id_01e2e02c; Type: INDEX; Schema: public; Owner: jek
--

CREATE INDEX gso_reports_ipmt_personnel_id_01e2e02c ON public.gso_reports_ipmt USING btree (personnel_id);


--
-- Name: gso_reports_ipmt_reports_ipmt_id_3522a806; Type: INDEX; Schema: public; Owner: jek
--

CREATE INDEX gso_reports_ipmt_reports_ipmt_id_3522a806 ON public.gso_reports_ipmt_reports USING btree (ipmt_id);


--
-- Name: gso_reports_ipmt_reports_workaccomplishmentreport_id_11cf1102; Type: INDEX; Schema: public; Owner: jek
--

CREATE INDEX gso_reports_ipmt_reports_workaccomplishmentreport_id_11cf1102 ON public.gso_reports_ipmt_reports USING btree (workaccomplishmentreport_id);


--
-- Name: gso_reports_ipmt_unit_id_2846a166; Type: INDEX; Schema: public; Owner: jek
--

CREATE INDEX gso_reports_ipmt_unit_id_2846a166 ON public.gso_reports_ipmt USING btree (unit_id);


--
-- Name: gso_reports_successindicator_unit_id_a10ff6db; Type: INDEX; Schema: public; Owner: jek
--

CREATE INDEX gso_reports_successindicator_unit_id_a10ff6db ON public.gso_reports_successindicator USING btree (unit_id);


--
-- Name: gso_reports_workaccompli_control_number_bbbde0b3_like; Type: INDEX; Schema: public; Owner: jek
--

CREATE INDEX gso_reports_workaccompli_control_number_bbbde0b3_like ON public.gso_reports_workaccomplishmentreport USING btree (control_number varchar_pattern_ops);


--
-- Name: gso_reports_workaccomplish_success_indicator_id_c224aa7f; Type: INDEX; Schema: public; Owner: jek
--

CREATE INDEX gso_reports_workaccomplish_success_indicator_id_c224aa7f ON public.gso_reports_workaccomplishmentreport USING btree (success_indicator_id);


--
-- Name: gso_reports_workaccomplish_user_id_c27ac793; Type: INDEX; Schema: public; Owner: jek
--

CREATE INDEX gso_reports_workaccomplish_user_id_c27ac793 ON public.gso_reports_workaccomplishmentreport_assigned_personnel USING btree (user_id);


--
-- Name: gso_reports_workaccomplish_workaccomplishmentreport_i_761a04a8; Type: INDEX; Schema: public; Owner: jek
--

CREATE INDEX gso_reports_workaccomplish_workaccomplishmentreport_i_761a04a8 ON public.gso_reports_workaccomplishmentreport_assigned_personnel USING btree (workaccomplishmentreport_id);


--
-- Name: gso_reports_workaccomplishmentreport_unit_id_ce0ab2d7; Type: INDEX; Schema: public; Owner: jek
--

CREATE INDEX gso_reports_workaccomplishmentreport_unit_id_ce0ab2d7 ON public.gso_reports_workaccomplishmentreport USING btree (unit_id);


--
-- Name: gso_requests_feedback_user_id_ab133d2d; Type: INDEX; Schema: public; Owner: jek
--

CREATE INDEX gso_requests_feedback_user_id_ab133d2d ON public.gso_requests_feedback USING btree (user_id);


--
-- Name: gso_requests_requestmaterial_material_id_a63fe16b; Type: INDEX; Schema: public; Owner: jek
--

CREATE INDEX gso_requests_requestmaterial_material_id_a63fe16b ON public.gso_requests_requestmaterial USING btree (material_id);


--
-- Name: gso_requests_requestmaterial_request_id_8f428165; Type: INDEX; Schema: public; Owner: jek
--

CREATE INDEX gso_requests_requestmaterial_request_id_8f428165 ON public.gso_requests_requestmaterial USING btree (request_id);


--
-- Name: gso_requests_servicereques_servicerequest_id_21cce9a7; Type: INDEX; Schema: public; Owner: jek
--

CREATE INDEX gso_requests_servicereques_servicerequest_id_21cce9a7 ON public.gso_requests_servicerequest_assigned_personnel USING btree (servicerequest_id);


--
-- Name: gso_requests_servicerequest_assigned_personnel_user_id_72c1bf3c; Type: INDEX; Schema: public; Owner: jek
--

CREATE INDEX gso_requests_servicerequest_assigned_personnel_user_id_72c1bf3c ON public.gso_requests_servicerequest_assigned_personnel USING btree (user_id);


--
-- Name: gso_requests_servicerequest_department_id_f6d4dcb7; Type: INDEX; Schema: public; Owner: jek
--

CREATE INDEX gso_requests_servicerequest_department_id_f6d4dcb7 ON public.gso_requests_servicerequest USING btree (department_id);


--
-- Name: gso_requests_servicerequest_requestor_id_9bdf8aed; Type: INDEX; Schema: public; Owner: jek
--

CREATE INDEX gso_requests_servicerequest_requestor_id_9bdf8aed ON public.gso_requests_servicerequest USING btree (requestor_id);


--
-- Name: gso_requests_servicerequest_selected_indicator_id_40af71ec; Type: INDEX; Schema: public; Owner: jek
--

CREATE INDEX gso_requests_servicerequest_selected_indicator_id_40af71ec ON public.gso_requests_servicerequest USING btree (selected_indicator_id);


--
-- Name: gso_requests_servicerequest_unit_id_2c929a43; Type: INDEX; Schema: public; Owner: jek
--

CREATE INDEX gso_requests_servicerequest_unit_id_2c929a43 ON public.gso_requests_servicerequest USING btree (unit_id);


--
-- Name: gso_requests_taskreport_personnel_id_ad0d2e38; Type: INDEX; Schema: public; Owner: jek
--

CREATE INDEX gso_requests_taskreport_personnel_id_ad0d2e38 ON public.gso_requests_taskreport USING btree (personnel_id);


--
-- Name: gso_requests_taskreport_request_id_62ca67d7; Type: INDEX; Schema: public; Owner: jek
--

CREATE INDEX gso_requests_taskreport_request_id_62ca67d7 ON public.gso_requests_taskreport USING btree (request_id);


--
-- Name: notifications_notification_user_id_b5e8c0ff; Type: INDEX; Schema: public; Owner: jek
--

CREATE INDEX notifications_notification_user_id_b5e8c0ff ON public.notifications_notification USING btree (user_id);


--
-- Name: ai_service_aireportsummary ai_service_aireports_generated_by_id_7917362d_fk_gso_accou; Type: FK CONSTRAINT; Schema: public; Owner: jek
--

ALTER TABLE ONLY public.ai_service_aireportsummary
    ADD CONSTRAINT ai_service_aireports_generated_by_id_7917362d_fk_gso_accou FOREIGN KEY (generated_by_id) REFERENCES public.gso_accounts_user(id) DEFERRABLE INITIALLY DEFERRED;


--
-- Name: ai_service_aireportsummary ai_service_aireports_report_id_b450a5d9_fk_gso_repor; Type: FK CONSTRAINT; Schema: public; Owner: jek
--

ALTER TABLE ONLY public.ai_service_aireportsummary
    ADD CONSTRAINT ai_service_aireports_report_id_b450a5d9_fk_gso_repor FOREIGN KEY (report_id) REFERENCES public.gso_reports_workaccomplishmentreport(id) DEFERRABLE INITIALLY DEFERRED;


--
-- Name: auth_group_permissions auth_group_permissio_permission_id_84c5c92e_fk_auth_perm; Type: FK CONSTRAINT; Schema: public; Owner: jek
--

ALTER TABLE ONLY public.auth_group_permissions
    ADD CONSTRAINT auth_group_permissio_permission_id_84c5c92e_fk_auth_perm FOREIGN KEY (permission_id) REFERENCES public.auth_permission(id) DEFERRABLE INITIALLY DEFERRED;


--
-- Name: auth_group_permissions auth_group_permissions_group_id_b120cbf9_fk_auth_group_id; Type: FK CONSTRAINT; Schema: public; Owner: jek
--

ALTER TABLE ONLY public.auth_group_permissions
    ADD CONSTRAINT auth_group_permissions_group_id_b120cbf9_fk_auth_group_id FOREIGN KEY (group_id) REFERENCES public.auth_group(id) DEFERRABLE INITIALLY DEFERRED;


--
-- Name: auth_permission auth_permission_content_type_id_2f476e4b_fk_django_co; Type: FK CONSTRAINT; Schema: public; Owner: jek
--

ALTER TABLE ONLY public.auth_permission
    ADD CONSTRAINT auth_permission_content_type_id_2f476e4b_fk_django_co FOREIGN KEY (content_type_id) REFERENCES public.django_content_type(id) DEFERRABLE INITIALLY DEFERRED;


--
-- Name: django_admin_log django_admin_log_content_type_id_c4bce8eb_fk_django_co; Type: FK CONSTRAINT; Schema: public; Owner: jek
--

ALTER TABLE ONLY public.django_admin_log
    ADD CONSTRAINT django_admin_log_content_type_id_c4bce8eb_fk_django_co FOREIGN KEY (content_type_id) REFERENCES public.django_content_type(id) DEFERRABLE INITIALLY DEFERRED;


--
-- Name: django_admin_log django_admin_log_user_id_c564eba6_fk_gso_accounts_user_id; Type: FK CONSTRAINT; Schema: public; Owner: jek
--

ALTER TABLE ONLY public.django_admin_log
    ADD CONSTRAINT django_admin_log_user_id_c564eba6_fk_gso_accounts_user_id FOREIGN KEY (user_id) REFERENCES public.gso_accounts_user(id) DEFERRABLE INITIALLY DEFERRED;


--
-- Name: gso_accounts_unit gso_accounts_unit_unit_head_id_625bd65e_fk_gso_accounts_user_id; Type: FK CONSTRAINT; Schema: public; Owner: jek
--

ALTER TABLE ONLY public.gso_accounts_unit
    ADD CONSTRAINT gso_accounts_unit_unit_head_id_625bd65e_fk_gso_accounts_user_id FOREIGN KEY (unit_head_id) REFERENCES public.gso_accounts_user(id) DEFERRABLE INITIALLY DEFERRED;


--
-- Name: gso_accounts_user gso_accounts_user_department_id_f6d82a56_fk_gso_accou; Type: FK CONSTRAINT; Schema: public; Owner: jek
--

ALTER TABLE ONLY public.gso_accounts_user
    ADD CONSTRAINT gso_accounts_user_department_id_f6d82a56_fk_gso_accou FOREIGN KEY (department_id) REFERENCES public.gso_accounts_department(id) DEFERRABLE INITIALLY DEFERRED;


--
-- Name: gso_accounts_user_groups gso_accounts_user_gr_user_id_a4f013d0_fk_gso_accou; Type: FK CONSTRAINT; Schema: public; Owner: jek
--

ALTER TABLE ONLY public.gso_accounts_user_groups
    ADD CONSTRAINT gso_accounts_user_gr_user_id_a4f013d0_fk_gso_accou FOREIGN KEY (user_id) REFERENCES public.gso_accounts_user(id) DEFERRABLE INITIALLY DEFERRED;


--
-- Name: gso_accounts_user_groups gso_accounts_user_groups_group_id_0f4fca49_fk_auth_group_id; Type: FK CONSTRAINT; Schema: public; Owner: jek
--

ALTER TABLE ONLY public.gso_accounts_user_groups
    ADD CONSTRAINT gso_accounts_user_groups_group_id_0f4fca49_fk_auth_group_id FOREIGN KEY (group_id) REFERENCES public.auth_group(id) DEFERRABLE INITIALLY DEFERRED;


--
-- Name: gso_accounts_user gso_accounts_user_unit_id_15c50ce5_fk_gso_accounts_unit_id; Type: FK CONSTRAINT; Schema: public; Owner: jek
--

ALTER TABLE ONLY public.gso_accounts_user
    ADD CONSTRAINT gso_accounts_user_unit_id_15c50ce5_fk_gso_accounts_unit_id FOREIGN KEY (unit_id) REFERENCES public.gso_accounts_unit(id) DEFERRABLE INITIALLY DEFERRED;


--
-- Name: gso_accounts_user_user_permissions gso_accounts_user_us_permission_id_9eaebc99_fk_auth_perm; Type: FK CONSTRAINT; Schema: public; Owner: jek
--

ALTER TABLE ONLY public.gso_accounts_user_user_permissions
    ADD CONSTRAINT gso_accounts_user_us_permission_id_9eaebc99_fk_auth_perm FOREIGN KEY (permission_id) REFERENCES public.auth_permission(id) DEFERRABLE INITIALLY DEFERRED;


--
-- Name: gso_accounts_user_user_permissions gso_accounts_user_us_user_id_8d851d00_fk_gso_accou; Type: FK CONSTRAINT; Schema: public; Owner: jek
--

ALTER TABLE ONLY public.gso_accounts_user_user_permissions
    ADD CONSTRAINT gso_accounts_user_us_user_id_8d851d00_fk_gso_accou FOREIGN KEY (user_id) REFERENCES public.gso_accounts_user(id) DEFERRABLE INITIALLY DEFERRED;


--
-- Name: gso_inventory_inventoryitem gso_inventory_invent_owned_by_id_56cebc7f_fk_gso_accou; Type: FK CONSTRAINT; Schema: public; Owner: jek
--

ALTER TABLE ONLY public.gso_inventory_inventoryitem
    ADD CONSTRAINT gso_inventory_invent_owned_by_id_56cebc7f_fk_gso_accou FOREIGN KEY (owned_by_id) REFERENCES public.gso_accounts_unit(id) DEFERRABLE INITIALLY DEFERRED;


--
-- Name: gso_migration_migrationupload gso_migration_migrat_target_unit_id_25f9b8f9_fk_gso_accou; Type: FK CONSTRAINT; Schema: public; Owner: jek
--

ALTER TABLE ONLY public.gso_migration_migrationupload
    ADD CONSTRAINT gso_migration_migrat_target_unit_id_25f9b8f9_fk_gso_accou FOREIGN KEY (target_unit_id) REFERENCES public.gso_accounts_unit(id) DEFERRABLE INITIALLY DEFERRED;


--
-- Name: gso_migration_migrationupload gso_migration_migrat_uploaded_by_id_122b277a_fk_gso_accou; Type: FK CONSTRAINT; Schema: public; Owner: jek
--

ALTER TABLE ONLY public.gso_migration_migrationupload
    ADD CONSTRAINT gso_migration_migrat_uploaded_by_id_122b277a_fk_gso_accou FOREIGN KEY (uploaded_by_id) REFERENCES public.gso_accounts_user(id) DEFERRABLE INITIALLY DEFERRED;


--
-- Name: gso_reports_ipmt gso_reports_ipmt_indicator_id_d4e9f0be_fk_gso_repor; Type: FK CONSTRAINT; Schema: public; Owner: jek
--

ALTER TABLE ONLY public.gso_reports_ipmt
    ADD CONSTRAINT gso_reports_ipmt_indicator_id_d4e9f0be_fk_gso_repor FOREIGN KEY (indicator_id) REFERENCES public.gso_reports_successindicator(id) DEFERRABLE INITIALLY DEFERRED;


--
-- Name: gso_reports_ipmt gso_reports_ipmt_personnel_id_01e2e02c_fk_gso_accounts_user_id; Type: FK CONSTRAINT; Schema: public; Owner: jek
--

ALTER TABLE ONLY public.gso_reports_ipmt
    ADD CONSTRAINT gso_reports_ipmt_personnel_id_01e2e02c_fk_gso_accounts_user_id FOREIGN KEY (personnel_id) REFERENCES public.gso_accounts_user(id) DEFERRABLE INITIALLY DEFERRED;


--
-- Name: gso_reports_ipmt_reports gso_reports_ipmt_rep_ipmt_id_3522a806_fk_gso_repor; Type: FK CONSTRAINT; Schema: public; Owner: jek
--

ALTER TABLE ONLY public.gso_reports_ipmt_reports
    ADD CONSTRAINT gso_reports_ipmt_rep_ipmt_id_3522a806_fk_gso_repor FOREIGN KEY (ipmt_id) REFERENCES public.gso_reports_ipmt(id) DEFERRABLE INITIALLY DEFERRED;


--
-- Name: gso_reports_ipmt_reports gso_reports_ipmt_rep_workaccomplishmentre_11cf1102_fk_gso_repor; Type: FK CONSTRAINT; Schema: public; Owner: jek
--

ALTER TABLE ONLY public.gso_reports_ipmt_reports
    ADD CONSTRAINT gso_reports_ipmt_rep_workaccomplishmentre_11cf1102_fk_gso_repor FOREIGN KEY (workaccomplishmentreport_id) REFERENCES public.gso_reports_workaccomplishmentreport(id) DEFERRABLE INITIALLY DEFERRED;


--
-- Name: gso_reports_ipmt gso_reports_ipmt_unit_id_2846a166_fk_gso_accounts_unit_id; Type: FK CONSTRAINT; Schema: public; Owner: jek
--

ALTER TABLE ONLY public.gso_reports_ipmt
    ADD CONSTRAINT gso_reports_ipmt_unit_id_2846a166_fk_gso_accounts_unit_id FOREIGN KEY (unit_id) REFERENCES public.gso_accounts_unit(id) DEFERRABLE INITIALLY DEFERRED;


--
-- Name: gso_reports_successindicator gso_reports_successi_unit_id_a10ff6db_fk_gso_accou; Type: FK CONSTRAINT; Schema: public; Owner: jek
--

ALTER TABLE ONLY public.gso_reports_successindicator
    ADD CONSTRAINT gso_reports_successi_unit_id_a10ff6db_fk_gso_accou FOREIGN KEY (unit_id) REFERENCES public.gso_accounts_unit(id) DEFERRABLE INITIALLY DEFERRED;


--
-- Name: gso_reports_workaccomplishmentreport gso_reports_workacco_request_id_cf2e6b52_fk_gso_reque; Type: FK CONSTRAINT; Schema: public; Owner: jek
--

ALTER TABLE ONLY public.gso_reports_workaccomplishmentreport
    ADD CONSTRAINT gso_reports_workacco_request_id_cf2e6b52_fk_gso_reque FOREIGN KEY (request_id) REFERENCES public.gso_requests_servicerequest(id) DEFERRABLE INITIALLY DEFERRED;


--
-- Name: gso_reports_workaccomplishmentreport gso_reports_workacco_success_indicator_id_c224aa7f_fk_gso_repor; Type: FK CONSTRAINT; Schema: public; Owner: jek
--

ALTER TABLE ONLY public.gso_reports_workaccomplishmentreport
    ADD CONSTRAINT gso_reports_workacco_success_indicator_id_c224aa7f_fk_gso_repor FOREIGN KEY (success_indicator_id) REFERENCES public.gso_reports_successindicator(id) DEFERRABLE INITIALLY DEFERRED;


--
-- Name: gso_reports_workaccomplishmentreport gso_reports_workacco_unit_id_ce0ab2d7_fk_gso_accou; Type: FK CONSTRAINT; Schema: public; Owner: jek
--

ALTER TABLE ONLY public.gso_reports_workaccomplishmentreport
    ADD CONSTRAINT gso_reports_workacco_unit_id_ce0ab2d7_fk_gso_accou FOREIGN KEY (unit_id) REFERENCES public.gso_accounts_unit(id) DEFERRABLE INITIALLY DEFERRED;


--
-- Name: gso_reports_workaccomplishmentreport_assigned_personnel gso_reports_workacco_user_id_c27ac793_fk_gso_accou; Type: FK CONSTRAINT; Schema: public; Owner: jek
--

ALTER TABLE ONLY public.gso_reports_workaccomplishmentreport_assigned_personnel
    ADD CONSTRAINT gso_reports_workacco_user_id_c27ac793_fk_gso_accou FOREIGN KEY (user_id) REFERENCES public.gso_accounts_user(id) DEFERRABLE INITIALLY DEFERRED;


--
-- Name: gso_reports_workaccomplishmentreport_assigned_personnel gso_reports_workacco_workaccomplishmentre_761a04a8_fk_gso_repor; Type: FK CONSTRAINT; Schema: public; Owner: jek
--

ALTER TABLE ONLY public.gso_reports_workaccomplishmentreport_assigned_personnel
    ADD CONSTRAINT gso_reports_workacco_workaccomplishmentre_761a04a8_fk_gso_repor FOREIGN KEY (workaccomplishmentreport_id) REFERENCES public.gso_reports_workaccomplishmentreport(id) DEFERRABLE INITIALLY DEFERRED;


--
-- Name: gso_requests_feedback gso_requests_feedbac_request_id_50be3134_fk_gso_reque; Type: FK CONSTRAINT; Schema: public; Owner: jek
--

ALTER TABLE ONLY public.gso_requests_feedback
    ADD CONSTRAINT gso_requests_feedbac_request_id_50be3134_fk_gso_reque FOREIGN KEY (request_id) REFERENCES public.gso_requests_servicerequest(id) DEFERRABLE INITIALLY DEFERRED;


--
-- Name: gso_requests_feedback gso_requests_feedback_user_id_ab133d2d_fk_gso_accounts_user_id; Type: FK CONSTRAINT; Schema: public; Owner: jek
--

ALTER TABLE ONLY public.gso_requests_feedback
    ADD CONSTRAINT gso_requests_feedback_user_id_ab133d2d_fk_gso_accounts_user_id FOREIGN KEY (user_id) REFERENCES public.gso_accounts_user(id) DEFERRABLE INITIALLY DEFERRED;


--
-- Name: gso_requests_requestmaterial gso_requests_request_material_id_a63fe16b_fk_gso_inven; Type: FK CONSTRAINT; Schema: public; Owner: jek
--

ALTER TABLE ONLY public.gso_requests_requestmaterial
    ADD CONSTRAINT gso_requests_request_material_id_a63fe16b_fk_gso_inven FOREIGN KEY (material_id) REFERENCES public.gso_inventory_inventoryitem(id) DEFERRABLE INITIALLY DEFERRED;


--
-- Name: gso_requests_requestmaterial gso_requests_request_request_id_8f428165_fk_gso_reque; Type: FK CONSTRAINT; Schema: public; Owner: jek
--

ALTER TABLE ONLY public.gso_requests_requestmaterial
    ADD CONSTRAINT gso_requests_request_request_id_8f428165_fk_gso_reque FOREIGN KEY (request_id) REFERENCES public.gso_requests_servicerequest(id) DEFERRABLE INITIALLY DEFERRED;


--
-- Name: gso_requests_servicerequest gso_requests_service_department_id_f6d4dcb7_fk_gso_accou; Type: FK CONSTRAINT; Schema: public; Owner: jek
--

ALTER TABLE ONLY public.gso_requests_servicerequest
    ADD CONSTRAINT gso_requests_service_department_id_f6d4dcb7_fk_gso_accou FOREIGN KEY (department_id) REFERENCES public.gso_accounts_department(id) DEFERRABLE INITIALLY DEFERRED;


--
-- Name: gso_requests_servicerequest gso_requests_service_requestor_id_9bdf8aed_fk_gso_accou; Type: FK CONSTRAINT; Schema: public; Owner: jek
--

ALTER TABLE ONLY public.gso_requests_servicerequest
    ADD CONSTRAINT gso_requests_service_requestor_id_9bdf8aed_fk_gso_accou FOREIGN KEY (requestor_id) REFERENCES public.gso_accounts_user(id) DEFERRABLE INITIALLY DEFERRED;


--
-- Name: gso_requests_servicerequest gso_requests_service_selected_indicator_i_40af71ec_fk_gso_repor; Type: FK CONSTRAINT; Schema: public; Owner: jek
--

ALTER TABLE ONLY public.gso_requests_servicerequest
    ADD CONSTRAINT gso_requests_service_selected_indicator_i_40af71ec_fk_gso_repor FOREIGN KEY (selected_indicator_id) REFERENCES public.gso_reports_successindicator(id) DEFERRABLE INITIALLY DEFERRED;


--
-- Name: gso_requests_servicerequest_assigned_personnel gso_requests_service_servicerequest_id_21cce9a7_fk_gso_reque; Type: FK CONSTRAINT; Schema: public; Owner: jek
--

ALTER TABLE ONLY public.gso_requests_servicerequest_assigned_personnel
    ADD CONSTRAINT gso_requests_service_servicerequest_id_21cce9a7_fk_gso_reque FOREIGN KEY (servicerequest_id) REFERENCES public.gso_requests_servicerequest(id) DEFERRABLE INITIALLY DEFERRED;


--
-- Name: gso_requests_servicerequest gso_requests_service_unit_id_2c929a43_fk_gso_accou; Type: FK CONSTRAINT; Schema: public; Owner: jek
--

ALTER TABLE ONLY public.gso_requests_servicerequest
    ADD CONSTRAINT gso_requests_service_unit_id_2c929a43_fk_gso_accou FOREIGN KEY (unit_id) REFERENCES public.gso_accounts_unit(id) DEFERRABLE INITIALLY DEFERRED;


--
-- Name: gso_requests_servicerequest_assigned_personnel gso_requests_service_user_id_72c1bf3c_fk_gso_accou; Type: FK CONSTRAINT; Schema: public; Owner: jek
--

ALTER TABLE ONLY public.gso_requests_servicerequest_assigned_personnel
    ADD CONSTRAINT gso_requests_service_user_id_72c1bf3c_fk_gso_accou FOREIGN KEY (user_id) REFERENCES public.gso_accounts_user(id) DEFERRABLE INITIALLY DEFERRED;


--
-- Name: gso_requests_taskreport gso_requests_taskrep_personnel_id_ad0d2e38_fk_gso_accou; Type: FK CONSTRAINT; Schema: public; Owner: jek
--

ALTER TABLE ONLY public.gso_requests_taskreport
    ADD CONSTRAINT gso_requests_taskrep_personnel_id_ad0d2e38_fk_gso_accou FOREIGN KEY (personnel_id) REFERENCES public.gso_accounts_user(id) DEFERRABLE INITIALLY DEFERRED;


--
-- Name: gso_requests_taskreport gso_requests_taskrep_request_id_62ca67d7_fk_gso_reque; Type: FK CONSTRAINT; Schema: public; Owner: jek
--

ALTER TABLE ONLY public.gso_requests_taskreport
    ADD CONSTRAINT gso_requests_taskrep_request_id_62ca67d7_fk_gso_reque FOREIGN KEY (request_id) REFERENCES public.gso_requests_servicerequest(id) DEFERRABLE INITIALLY DEFERRED;


--
-- Name: notifications_notification notifications_notifi_user_id_b5e8c0ff_fk_gso_accou; Type: FK CONSTRAINT; Schema: public; Owner: jek
--

ALTER TABLE ONLY public.notifications_notification
    ADD CONSTRAINT notifications_notifi_user_id_b5e8c0ff_fk_gso_accou FOREIGN KEY (user_id) REFERENCES public.gso_accounts_user(id) DEFERRABLE INITIALLY DEFERRED;


--
-- PostgreSQL database dump complete
--

\unrestrict C7iSNnexeXTcihMYBfJY0jcQJCM7SJokvEaArRT94NL3gqHEzq8FbqOojMZsZxO

